geoid,countyfp,prc_nonengprof_final,prc_nonengprof_final_unreliable_flag,prc_caraccess_final,prc_caraccess_final_unreliable_flag,prcdisabled_final,prcdisabled_final_unreliable_flag,prc_pov_final,prc_pov_final_unreliable_flag,prc_youth_final,prc_youth_final_unreliable_flag,prc_asian,prc_asian_unreliable_flag,prc_black,prc_black_unreliable_flag,prc_latino,prc_latino_unreliable_flag,prc_white,prc_white_unreliable_flag,cvapdens,cvapdens_unreliable_flag,tot_elignonreg_prc_final,tot_elignonreg_prc_final_unreliable_flag,job_dens,pollvoter_dens,pop10,areakm,popdens,vbm_rate_tot,vbm_rate_lat,vbm_rate_asn,vbm_rate_youth
6011000100,11,0.25274,0,0.93463,0,0.10661,0,0.14663,0,0.10908,0,0.00213,1,0.0,1,0.65645,0,0.31663,0,0.2406,0,0.19422,0,0.21849,0.22398,5183,567.38284,9.13493,0.90219,0.91116,0.96014,0.9109
6011000200,11,0.14899,0,0.94351,0,0.13949,0,0.10614,0,0.08136,0,0.00835,1,0.01532,0,0.50129,0,0.44042,0,0.24262,0,0.21577,0,0.21751,0.26149,5121,216.83637,23.61689,0.8865,0.90798,0.98401,0.89592
6011000300,11,0.26529,0,0.95772,0,0.08543,0,0.12075,0,0.08402,0,0.02851,0,0.00151,1,0.74476,0,0.20174,0,0.25313,0,0.23371,0,0.295,0.21414,6055,952.93123,6.35408,0.89939,0.86362,0.90191,0.84488
6011000400,11,0.13105,0,0.92762,0,0.19022,0,0.19188,0,0.05195,0,0.00622,1,0.03597,1,0.36146,0,0.55728,0,0.12333,0,0.27877,0,0.06155,0.04997,2495,1083.29993,2.30315,0.95448,0.95148,0.95192,0.91396
6011000500,11,0.16071,0,0.93757,0,0.10937,0,0.10994,0,0.11384,0,0.01365,1,0.0347,1,0.48967,0,0.43509,0,0.14032,0,0.09467,0,0.20745,0.25041,2565,174.50373,14.69883,0.8328,0.83097,0.89567,0.83727
