geoid,countyfp,prc_nonengprof_final,prc_nonengprof_final_unreliable_flag,prc_caraccess_final,prc_caraccess_final_unreliable_flag,prcdisabled_final,prcdisabled_final_unreliable_flag,prc_pov_final,prc_pov_final_unreliable_flag,prc_youth_final,prc_youth_final_unreliable_flag,prc_asian,prc_asian_unreliable_flag,prc_black,prc_black_unreliable_flag,prc_latino,prc_latino_unreliable_flag,prc_white,prc_white_unreliable_flag,cvapdens,cvapdens_unreliable_flag,tot_elignonreg_prc_final,tot_elignonreg_prc_final_unreliable_flag,job_dens,pollvoter_dens,pop10,areakm,popdens,vbm_rate_tot,vbm_rate_asn,vbm_rate_lat,vbm_rate_youth
6011000100,11,0.26626,0.0,0.95782,0.0,0.09781,0.0,0.12957,0.0,0.0915,0.0,0.0037,1.0,0.0,1.0,0.66303,0.0,0.31349,0.0,0.22685,0.0,0.25727,0,0.2279,0.24003,5183.0,567.38284,9.13493,0.63927,0.58899,0.57812,0.65413
6011000200,11,0.15596,0.0,0.95024,0.0,0.12992,0.0,0.1518,0.0,0.0741,0.0,0.00897,1.0,0.01307,1.0,0.51151,0.0,0.43896,0.0,0.23898,0.0,0.16539,0,0.21443,0.32901,5121.0,216.83637,23.61689,0.58705,0.48572,0.55383,0.62544
6011000300,11,0.29361,0.0,0.95776,0.0,0.10156,0.0,0.1426,0.0,0.08738,0.0,0.03167,0.0,0.01657,1.0,0.707,0.0,0.21845,0.0,0.27659,0.0,0.50827,0,0.28201,0.22239,6055.0,952.93123,6.35408,0.59169,0.4969,0.53877,0.58216
6011000400,11,0.12277,0.0,0.94158,0.0,0.15805,0.0,0.1225,0.0,0.06757,0.0,0.00544,1.0,0.03265,1.0,0.33696,0.0,0.59819,0.0,0.12859,0.0,0.42047,0,0.06352,0.07508,2495.0,1083.29993,2.30315,0.75916,0.5,0.60733,0.74194
6011000500,11,0.16887,0.0,0.89474,0.0,0.12144,0.0,0.12832,0.0,0.15016,0.0,0.01989,1.0,0.01404,1.0,0.52613,0.0,0.41381,0.0,0.12899,0.0,0.38743,0,0.21214,0.13349,2565.0,174.50373,14.69883,0.56058,0.50045,0.49881,0.62519
