geoid,countyfp,prc_nonengprof_final,prc_nonengprof_final_unreliable_flag,prc_caraccess_final,prc_caraccess_final_unreliable_flag,prcdisabled_final,prcdisabled_final_unreliable_flag,prc_pov_final,prc_pov_final_unreliable_flag,prc_youth_final,prc_youth_final_unreliable_flag,prc_asian,prc_asian_unreliable_flag,prc_black,prc_black_unreliable_flag,prc_latino,prc_latino_unreliable_flag,prc_white,prc_white_unreliable_flag,cvapdens,cvapdens_unreliable_flag,tot_elignonreg_prc_final,tot_elignonreg_prc_final_unreliable_flag,job_dens,pollvoter_dens,pop10,areakm,popdens,vbm_rate_tot,vbm_rate_asn,vbm_rate_lat,vbm_rate_youth
6063000100,63,0.01019,1.0,0.90348,0.0,0.16813,0.0,0.13326,0.0,0.11287,0.0,0.00569,1.0,0.03102,1.0,0.08668,0.0,0.80148,0.0,0.30643,0.0,0.28317,0,0.52236,,5500.0,148.11295,37.13382,1.0,1.0,1.0,1.0
6063000201,63,0.01223,1.0,1.0,0.0,0.05449,1.0,0.02983,1.0,0.01864,1.0,0.01342,1.0,0.0,1.0,0.05817,1.0,0.89635,0.0,0.07907,0.0,0.0,1,0.0382,,1844.0,339.52704,5.43108,1.0,1.0,1.0,1.0
6063000202,63,0.00721,1.0,1.0,0.0,0.21368,0.0,0.03115,1.0,0.06137,1.0,0.02314,0.0,0.00805,1.0,0.05634,1.0,0.91247,0.0,0.05774,0.0,0.01676,0,0.0074,,1161.0,1517.01822,0.76532,1.0,1.0,1.0,1.0
6063000300,63,0.01765,1.0,0.96406,0.0,0.12629,0.0,0.14081,0.0,0.05299,0.0,0.01217,1.0,0.00127,1.0,0.11891,0.0,0.857,0.0,0.19094,0.0,0.22685,0,0.19959,,4760.0,1716.66948,2.77281,1.0,1.0,1.0,1.0
6063000400,63,0.02843,1.0,0.97427,0.0,0.22568,0.0,0.14019,0.0,0.06542,0.0,0.02301,1.0,0.0,1.0,0.07584,0.0,0.77031,0.0,0.14698,0.0,0.22814,0,0.07462,,2785.0,1829.5949,1.52219,1.0,1.0,1.0,1.0
6063000501,63,0.03353,1.0,0.89319,0.0,0.15686,0.0,0.09069,0.0,0.01607,1.0,0.00189,1.0,0.00047,1.0,0.09641,0.0,0.8379,0.0,0.11647,0.0,0.36941,0,0.11193,,2146.0,331.42322,6.4751,1.0,1.0,1.0,1.0
6063000502,63,0.00588,1.0,0.94275,0.0,0.15403,0.0,0.11751,0.0,0.02327,1.0,0.00582,1.0,0.0,1.0,0.06283,1.0,0.88133,0.0,0.10236,0.0,0.22004,0,0.0459,,1811.0,886.44387,2.04299,1.0,1.0,1.0,1.0
