geoid,countyfp,prc_nonengprof_final,prc_nonengprof_final_unreliable_flag,prc_caraccess_final,prc_caraccess_final_unreliable_flag,prcdisabled_final,prcdisabled_final_unreliable_flag,prc_pov_final,prc_pov_final_unreliable_flag,prc_youth_final,prc_youth_final_unreliable_flag,prc_asian,prc_asian_unreliable_flag,prc_black,prc_black_unreliable_flag,prc_latino,prc_latino_unreliable_flag,prc_white,prc_white_unreliable_flag,cvapdens,cvapdens_unreliable_flag,tot_elignonreg_prc_final,tot_elignonreg_prc_final_unreliable_flag,job_dens,pollvoter_dens,pop10,areakm,popdens,vbm_rate_tot,vbm_rate_lat,vbm_rate_asn,vbm_rate_youth
6063000100,63,0.00914,1,0.93294,0,0.13843,0,0.12457,0,0.09695,0,0.00734,1,0.02387,1,0.09989,0,0.81307,0,0.28726,0,0.16345,0,0.4844,0.0,5500,148.11295,37.13382,1.0,1.0,1.0,1.0
6063000201,63,0.01216,1,1.0,0,0.05,1,0.03311,1,0.01913,1,0.00957,1,0.0,1,0.06107,0,0.92936,0,0.07846,0,0.0,1,0.04391,0.0,1844,339.52704,5.43108,1.0,1.0,1.0,1.0
6063000202,63,0.00725,1,1.0,0,0.12478,0,0.06667,1,0.05517,0,0.01751,0,0.00525,1,0.03065,1,0.94658,0,0.065,0,0.03205,0,0.00773,0.56553,1161,1517.01822,0.76532,1.0,1.0,1.0,1.0
6063000300,63,0.00246,1,0.95516,0,0.14476,0,0.11723,0,0.04083,0,0.00975,1,0.00113,1,0.09957,0,0.82445,0,0.21471,0,0.11401,0,0.20077,0.0,4760,1716.66948,2.77281,1.0,1.0,1.0,1.0
6063000400,63,0.04287,1,0.97164,0,0.20377,0,0.2012,0,0.04343,1,0.03665,1,0.0,1,0.04582,1,0.72789,0,0.14117,0,0.13319,0,0.0765,0.0,2785,1829.5949,1.52219,1.0,1.0,1.0,1.0
6063000501,63,0.03127,1,0.90157,0,0.14367,0,0.10511,0,0.04289,1,0.00186,1,0.0,1,0.13054,0,0.85548,0,0.11983,0,0.25855,0,0.13781,0.43447,2146,331.42322,6.4751,1.0,1.0,1.0,1.0
6063000502,63,0.03585,1,0.93666,0,0.12414,0,0.13038,0,0.04002,1,0.0,1,0.0,1,0.10552,0,0.87629,0,0.09357,0,0.00317,0,0.04888,0.0,1811,886.44387,2.04299,1.0,1.0,1.0,1.0
