geoid,countyfp,prc_nonengprof_final,prc_nonengprof_final_unreliable_flag,prc_caraccess_final,prc_caraccess_final_unreliable_flag,prcdisabled_final,prcdisabled_final_unreliable_flag,prc_pov_final,prc_pov_final_unreliable_flag,prc_youth_final,prc_youth_final_unreliable_flag,prc_asian,prc_asian_unreliable_flag,prc_black,prc_black_unreliable_flag,prc_latino,prc_latino_unreliable_flag,prc_white,prc_white_unreliable_flag,cvapdens,cvapdens_unreliable_flag,tot_elignonreg_prc_final,tot_elignonreg_prc_final_unreliable_flag,job_dens,pollvoter_dens,pop10,areakm,popdens,vbm_rate_tot,vbm_rate_lat,vbm_rate_asn,vbm_rate_youth
6005000101,5,0.00795,1,0.9799,0,0.14695,0,0.07866,0,0.03352,1,0.0197,0,0.00256,1,0.07805,0,0.83726,0,0.10645,0,0.15993,0,0.02277,0.11917,3907,63.01628,61.99985,0.90494,0.88278,0.9037,0.93522
6005000102,5,0.01608,1,0.94792,0,0.27944,0,0.22048,0,0.02472,1,0.03532,1,0.00303,1,0.08527,1,0.80777,0,0.05141,0,0.15469,0,0.02514,0.05457,1867,464.14872,4.02242,0.9091,0.83692,0.99992,0.78572
6005000200,5,0.02683,1,0.95982,0,0.13786,0,0.09667,0,0.05687,0,0.0019,1,0.00569,1,0.10931,0,0.82519,0,0.12017,0,0.0,1,0.10146,0.106,4672,323.26838,14.45239,0.94433,0.92277,0.8911,0.90693
6005000301,5,0.09463,0,0.94212,0,0.15636,0,0.08168,0,0.09657,0,0.0141,0,0.14985,0,0.31518,0,0.46523,0,0.13862,0,0.37555,0,0.0847,0.04865,5871,195.80796,29.98346,0.89938,0.77751,0.94875,0.79914
6005000303,5,0.0074,1,0.92702,0,0.15619,0,0.07229,0,0.09301,0,0.00267,1,0.00036,1,0.12662,0,0.85542,0,0.14871,0,0.04954,0,0.14754,0.22554,5073,137.07741,37.00828,0.88495,0.88477,0.86625,0.81937
6005000304,5,0.01884,1,0.99004,0,0.09975,0,0.12877,0,0.06352,0,0.00479,1,0.00218,1,0.08984,0,0.85382,0,0.11339,0,0.32375,0,0.12222,0.10912,3946,157.16562,25.10727,0.89518,0.8446,0.86452,0.80282
6005000401,5,0.01811,1,0.85714,0,0.13497,0,0.10985,0,0.04471,0,0.0077,1,0.00128,1,0.06759,0,0.87807,0,0.12222,0,0.08273,0,0.31694,0.12174,5020,42.42229,118.33403,0.92216,0.8512,0.89511,0.87773
6005000402,5,0.0119,1,0.94879,0,0.18575,0,0.07283,1,0.04742,0,0.01358,1,0.00366,1,0.18323,0,0.7728,0,0.12143,0,0.12505,0,0.09709,0.11615,4740,73.41352,64.56576,0.92149,0.87224,0.95506,0.86139
6005000500,5,0.02037,1,0.96067,0,0.16576,0,0.09079,0,0.03173,0,0.03585,1,0.00159,1,0.14181,0,0.77538,0,0.07759,0,0.0,1,0.08215,0.09907,2995,113.08386,26.48477,0.91099,0.89934,0.99827,0.80923
