geoid,countyfp,prc_nonengprof_final,prc_nonengprof_final_unreliable_flag,prc_caraccess_final,prc_caraccess_final_unreliable_flag,prcdisabled_final,prcdisabled_final_unreliable_flag,prc_pov_final,prc_pov_final_unreliable_flag,prc_youth_final,prc_youth_final_unreliable_flag,prc_asian,prc_asian_unreliable_flag,prc_black,prc_black_unreliable_flag,prc_latino,prc_latino_unreliable_flag,prc_white,prc_white_unreliable_flag,cvapdens,cvapdens_unreliable_flag,tot_elignonreg_prc_final,tot_elignonreg_prc_final_unreliable_flag,job_dens,pollvoter_dens,pop10,areakm,popdens,vbm_rate_tot,vbm_rate_lat,vbm_rate_asn,vbm_rate_youth
6049000100,49,0.02496,1,0.92028,0,0.11593,0,0.24631,0,0.03705,1,0.00313,1,0.02935,0,0.13508,0,0.79994,0,0.38581,0,0.38963,0,0.68047,0.34672,3518,28.17501,124.86244,0.87015,0.80703,0.88036,0.69798
6049000200,49,0.12287,0,0.97667,0,0.12364,0,0.19879,0,0.07758,0,0.0,1,0.0,1,0.25697,0,0.69091,0,0.16556,0,0.3264,0,0.05871,0.1336,1910,2447.31319,0.78045,0.90501,0.88658,0.58551,0.94577
6049000300,49,0.06064,1,0.99898,0,0.15771,0,0.12538,0,0.05162,1,0.03032,1,0.01147,1,0.11389,0,0.78329,0,0.30599,0,0.0,1,0.16069,0.34338,2993,6620.63294,0.45207,0.91905,0.90392,0.79073,0.86539
6049000400,49,0.05081,1,0.9893,0,0.0583,1,0.13215,0,0.02372,1,0.01071,1,0.00383,1,0.08799,1,0.81178,0,0.14265,0,0.22292,0,0.10012,0.1763,1265,1790.65124,0.70645,0.8806,0.8145,0.98133,0.85969
