geoid,countyfp,prc_nonengprof_final,prc_nonengprof_final_unreliable_flag,prc_caraccess_final,prc_caraccess_final_unreliable_flag,prcdisabled_final,prcdisabled_final_unreliable_flag,prc_pov_final,prc_pov_final_unreliable_flag,prc_youth_final,prc_youth_final_unreliable_flag,prc_asian,prc_asian_unreliable_flag,prc_black,prc_black_unreliable_flag,prc_latino,prc_latino_unreliable_flag,prc_white,prc_white_unreliable_flag,cvapdens,cvapdens_unreliable_flag,tot_elignonreg_prc_final,tot_elignonreg_prc_final_unreliable_flag,job_dens,pollvoter_dens,pop10,areakm,popdens,vbm_rate_tot,vbm_rate_asn,vbm_rate_lat,vbm_rate_youth
6049000100,49,0.01739,1.0,0.91754,0.0,0.14763,0.0,0.22969,0.0,0.03792,0.0,0.00285,1.0,0.03336,1.0,0.09638,0.0,0.84916,0.0,0.40683,0.0,0.19731,0,0.67008,0.56543,3518.0,28.17501,124.86244,0.61804,0.64458,0.5939,0.68185
6049000200,49,0.1098,1.0,0.97448,0.0,0.13766,0.0,0.11317,0.0,0.05658,0.0,0.0,1.0,0.0,1.0,0.17237,0.0,0.77368,0.0,0.15664,0.0,0.09703,0,0.08184,0.15302,1910.0,2447.31319,0.78045,0.78003,0.33333,0.61895,0.84086
6049000300,49,0.07811,0.0,0.99902,0.0,0.15627,0.0,0.13034,0.0,0.06749,0.0,0.04064,1.0,0.00813,1.0,0.20848,0.0,0.69505,0.0,0.31626,0.0,0.37535,0,0.16368,0.19047,2993.0,6620.63294,0.45207,0.79077,0.96593,0.81386,0.90464
6049000400,49,0.0619,1.0,0.99375,0.0,0.0411,1.0,0.12477,0.0,0.02035,1.0,0.00463,1.0,0.00833,1.0,0.09436,1.0,0.77798,0.0,0.12027,0.0,0.22143,0,0.0844,0.09109,1265.0,1790.65124,0.70645,0.80833,0.78085,0.62746,0.68425
