geoid,countyfp,prc_nonengprof_final,prc_nonengprof_final_unreliable_flag,prc_caraccess_final,prc_caraccess_final_unreliable_flag,prcdisabled_final,prcdisabled_final_unreliable_flag,prc_pov_final,prc_pov_final_unreliable_flag,prc_youth_final,prc_youth_final_unreliable_flag,prc_asian,prc_asian_unreliable_flag,prc_black,prc_black_unreliable_flag,prc_latino,prc_latino_unreliable_flag,prc_white,prc_white_unreliable_flag,cvapdens,cvapdens_unreliable_flag,tot_elignonreg_prc_final,tot_elignonreg_prc_final_unreliable_flag,job_dens,pollvoter_dens,pop10,areakm,popdens,vbm_rate_tot,vbm_rate_asn,vbm_rate_lat,vbm_rate_youth
6027000100,27,0.05676,0.0,0.99109,0.0,0.06042,0.0,0.09682,0.0,0.0596,0.0,0.0115,1.0,0.0,1.0,0.31335,0.0,0.64413,0.0,0.15953,0.0,0.22462,0,0.04002,0.17822,2757.0,819.49121,3.36428,0.68498,0.75155,0.51902,0.68194
6027000200,27,0.0374,0.0,1.0,0.0,0.0409,0.0,0.0508,0.0,0.06881,0.0,0.02312,1.0,0.03553,1.0,0.1286,0.0,0.73378,0.0,0.10501,0.0,0.22517,0,0.03047,0.08032,1718.0,1063.36839,1.61562,0.78329,0.75245,0.77947,0.8209
6027000300,27,0.01929,1.0,0.97917,0.0,0.03476,1.0,0.02184,1.0,0.0554,0.0,0.0,1.0,0.0,1.0,0.09826,0.0,0.87101,0.0,0.14087,0.0,0.16542,0,0.04388,0.17415,2457.0,11.8776,206.86005,0.71343,0.45739,0.69289,0.7945
6027000400,27,0.03995,0.0,0.87541,0.0,0.12181,0.0,0.12196,0.0,0.08727,0.0,0.0324,0.0,0.00505,1.0,0.23567,0.0,0.50444,0.0,0.30187,0.0,0.43912,0,0.69645,0.26742,5668.0,10.54289,537.61357,0.61956,0.655,0.52227,0.61022
6027000500,27,0.0075,1.0,0.97584,0.0,0.09644,0.0,0.08061,0.0,0.05783,0.0,0.01,1.0,0.00435,1.0,0.17348,0.0,0.58043,0.0,0.13538,0.0,0.21585,0,0.09527,0.18129,2568.0,6797.2451,0.3778,0.62122,1.0,0.44166,0.64272
6027000800,27,0.08781,0.0,0.88671,0.0,0.10141,0.0,0.17974,0.0,0.04848,0.0,0.00205,1.0,0.0198,0.0,0.27484,0.0,0.63332,0.0,0.15734,0.0,0.21086,0,0.09391,0.11859,3378.0,17785.07284,0.18993,0.7709,0.81903,0.56785,0.74962
