geoid,countyfp,prc_nonengprof_final,prc_nonengprof_final_unreliable_flag,prc_caraccess_final,prc_caraccess_final_unreliable_flag,prcdisabled_final,prcdisabled_final_unreliable_flag,prc_pov_final,prc_pov_final_unreliable_flag,prc_youth_final,prc_youth_final_unreliable_flag,prc_asian,prc_asian_unreliable_flag,prc_black,prc_black_unreliable_flag,prc_latino,prc_latino_unreliable_flag,prc_white,prc_white_unreliable_flag,cvapdens,cvapdens_unreliable_flag,tot_elignonreg_prc_final,tot_elignonreg_prc_final_unreliable_flag,job_dens,pollvoter_dens,pop10,areakm,popdens,vbm_rate_tot,vbm_rate_asn,vbm_rate_lat,vbm_rate_youth
6105000101,105,0.00603,1.0,0.94978,0.0,0.16937,0.0,0.24091,0.0,0.10832,0.0,0.04178,0.0,0.01663,1.0,0.01857,1.0,0.80155,0.0,0.21042,0.0,0.0,1,0.11691,0.33379,2867.0,1490.7839,1.92315,0.70017,0.79274,0.7145,0.70921
6105000102,105,0.00312,1.0,0.94045,0.0,0.12905,0.0,0.18519,0.0,0.01574,0.0,0.00023,1.0,0.00502,1.0,0.0413,0.0,0.8647,0.0,0.32095,0.0,0.37803,0,0.66736,0.44268,4558.0,1163.73524,3.9167,0.6267,0.66877,0.61398,0.62721
6105000200,105,0.01312,1.0,0.96281,0.0,0.23802,0.0,0.16843,0.0,0.05534,0.0,0.01186,1.0,0.0,1.0,0.05484,0.0,0.86462,0.0,0.17519,0.0,0.43534,0,0.04036,0.08194,2281.0,1941.778,1.1747,0.85262,1.0,0.8889,0.72932
6105000300,105,0.05931,1.0,0.94457,0.0,0.19963,0.0,0.17824,0.0,0.08333,0.0,0.00959,1.0,0.00661,1.0,0.18419,0.0,0.75099,0.0,0.22925,0.0,0.44027,0,0.16354,0.14008,3105.0,1554.36533,1.9976,0.67413,0.73904,0.65463,0.60282
6105000400,105,0.02073,1.0,0.90649,0.0,0.14433,0.0,0.26123,0.0,0.013,1.0,0.02009,1.0,0.00236,1.0,0.03901,1.0,0.85579,0.0,0.06419,0.0,0.27419,0,0.01183,0.00151,975.0,2157.01157,0.45201,0.99378,0.0,1.0,1.0
