geoid,countyfp,prc_nonengprof_final,prc_nonengprof_final_unreliable_flag,prc_caraccess_final,prc_caraccess_final_unreliable_flag,prcdisabled_final,prcdisabled_final_unreliable_flag,prc_pov_final,prc_pov_final_unreliable_flag,prc_youth_final,prc_youth_final_unreliable_flag,prc_asian,prc_asian_unreliable_flag,prc_black,prc_black_unreliable_flag,prc_latino,prc_latino_unreliable_flag,prc_white,prc_white_unreliable_flag,cvapdens,cvapdens_unreliable_flag,tot_elignonreg_prc_final,tot_elignonreg_prc_final_unreliable_flag,job_dens,pollvoter_dens,pop10,areakm,popdens,vbm_rate_tot,vbm_rate_lat,vbm_rate_asn,vbm_rate_youth
6105000101,105,0.00784,1,0.94326,0,0.19496,0,0.25991,0,0.09952,0,0.0337,1,0.02538,1,0.03013,1,0.78311,0,0.21212,0,0.0,1,0.08299,0.0254,2867,1490.7839,1.92315,1.0,1.0,1.0,1.0
6105000102,105,0.00463,1,0.95152,0,0.14573,0,0.16607,0,0.01442,0,0.00024,1,0.0066,1,0.04693,0,0.89489,0,0.30694,0,0.24186,0,0.70401,0.00106,4558,1163.73524,3.9167,1.0,1.0,1.0,1.0
6105000200,105,0.01377,1,0.95437,0,0.2183,0,0.16396,0,0.05569,0,0.0184,1,0.0,1,0.05619,0,0.8185,0,0.17449,0,0.23759,0,0.03734,0.05882,2281,1941.778,1.1747,1.0,1.0,1.0,1.0
6105000300,105,0.05927,1,0.90558,0,0.1599,0,0.14896,0,0.08077,0,0.02734,1,0.011,1,0.15839,0,0.74481,0,0.2346,0,0.2903,0,0.16528,2e-05,3105,1554.36533,1.9976,1.0,1.0,1.0,1.0
6105000400,105,0.01462,1,0.9482,0,0.16667,0,0.30761,0,0.00895,1,0.0,1,0.00112,1,0.04698,1,0.86689,0,0.07185,0,0.43742,0,0.01037,0.9147,975,2157.01157,0.45201,0.99999,0.99998,1.0,0.99993
