geoid,countyfp,prc_nonengprof_final,prc_nonengprof_final_unreliable_flag,prc_caraccess_final,prc_caraccess_final_unreliable_flag,prcdisabled_final,prcdisabled_final_unreliable_flag,prc_pov_final,prc_pov_final_unreliable_flag,prc_youth_final,prc_youth_final_unreliable_flag,prc_asian,prc_asian_unreliable_flag,prc_black,prc_black_unreliable_flag,prc_latino,prc_latino_unreliable_flag,prc_white,prc_white_unreliable_flag,cvapdens,cvapdens_unreliable_flag,tot_elignonreg_prc_final,tot_elignonreg_prc_final_unreliable_flag,job_dens,pollvoter_dens,pop10,areakm,popdens,vbm_rate_tot,vbm_rate_lat,vbm_rate_asn,vbm_rate_youth
6021010100,21,0.13748,0,0.97108,0,0.11583,0,0.22216,0,0.10721,0,0.01515,1,0.0,1,0.4969,0,0.47739,0,0.28563,0,0.16886,0,0.22324,0.37815,8192,16.66338,491.61684,0.91937,0.92511,0.88076,0.87616
6021010200,21,0.10235,0,0.95422,0,0.13039,0,0.1122,0,0.10662,0,0.00578,1,0.0,1,0.39538,0,0.58749,0,0.19428,0,0.21499,0,0.14533,0.23892,4901,135.2259,36.24306,0.92405,0.91568,0.94692,0.90845
6021010300,21,0.04684,0,0.91604,0,0.18673,0,0.13077,0,0.06391,0,0.00358,1,0.02301,0,0.08589,0,0.77198,0,0.08789,0,0.0,1,0.13378,0.05793,2373,2564.49196,0.92533,0.9716,0.90316,0.87986,0.91015
6021010400,21,0.18749,0,0.94692,0,0.16811,0,0.16671,0,0.05788,0,0.08401,0,0.01559,1,0.33507,0,0.51278,0,0.25528,0,0.16136,0,0.34161,0.21622,7636,23.04484,331.35397,0.95101,0.91922,1.0,0.90985
6021010501,21,0.25143,0,0.97355,0,0.0644,0,0.19223,0,0.1062,0,0.01509,1,0.00112,1,0.70011,0,0.27222,0,0.10726,0,0.17484,0,0.07663,0.08731,3456,163.07833,21.19227,0.94747,0.92321,0.88905,0.91891
6021010502,21,0.05398,1,0.98896,0,0.16056,0,0.16688,0,0.09661,0,0.00314,1,0.0207,1,0.19385,0,0.72585,0,0.06967,0,0.34497,0,0.07941,0.02147,1564,534.34949,2.92692,0.97888,0.93926,1.0,0.87042
