geoid,countyfp,prc_nonengprof_final,prc_nonengprof_final_unreliable_flag,prc_caraccess_final,prc_caraccess_final_unreliable_flag,prcdisabled_final,prcdisabled_final_unreliable_flag,prc_pov_final,prc_pov_final_unreliable_flag,prc_youth_final,prc_youth_final_unreliable_flag,prc_asian,prc_asian_unreliable_flag,prc_black,prc_black_unreliable_flag,prc_latino,prc_latino_unreliable_flag,prc_white,prc_white_unreliable_flag,cvapdens,cvapdens_unreliable_flag,tot_elignonreg_prc_final,tot_elignonreg_prc_final_unreliable_flag,job_dens,pollvoter_dens,pop10,areakm,popdens,vbm_rate_tot,vbm_rate_asn,vbm_rate_lat,vbm_rate_youth
6021010100,21,0.14153,0.0,0.97004,0.0,0.13361,0.0,0.23775,0.0,0.09728,0.0,0.01773,1.0,0.00024,1.0,0.51076,0.0,0.46217,0.0,0.27257,0.0,0.15441,0,0.24332,0.40942,8192.0,16.66338,491.61684,0.69735,0.72852,0.70668,0.78184
6021010200,21,0.10206,0.0,0.94948,0.0,0.17072,0.0,0.11824,0.0,0.10696,0.0,0.00543,1.0,0.0,1.0,0.385,0.0,0.5985,0.0,0.19355,0.0,0.29467,0,0.13074,0.14878,4901.0,135.2259,36.24306,0.81836,0.92794,0.77223,0.83203
6021010300,21,0.04995,0.0,0.93309,0.0,0.20203,0.0,0.16286,0.0,0.0651,0.0,0.00287,1.0,0.02585,0.0,0.08808,0.0,0.7506,0.0,0.09381,0.0,0.23728,0,0.13886,0.01026,2373.0,2564.49196,0.92533,0.97858,1.0,0.917,0.97015
6021010400,21,0.15645,0.0,0.93043,0.0,0.17832,0.0,0.1762,0.0,0.06415,0.0,0.08134,0.0,0.01979,0.0,0.30695,0.0,0.54893,0.0,0.26073,0.0,0.28515,0,0.34181,0.32098,7636.0,23.04484,331.35397,0.72687,0.72613,0.66776,0.77951
6021010501,21,0.26984,0.0,0.96955,0.0,0.07421,0.0,0.20182,0.0,0.11509,0.0,0.0114,1.0,0.00054,1.0,0.69544,0.0,0.28013,0.0,0.1095,0.0,0.28152,0,0.06815,0.11042,3456.0,163.07833,21.19227,0.76571,0.77275,0.59139,0.70371
6021010502,21,0.06462,1.0,0.95886,0.0,0.17918,0.0,0.18258,0.0,0.08903,0.0,0.0,1.0,0.0129,1.0,0.22258,0.0,0.71613,0.0,0.06984,0.0,0.44937,0,0.07712,0.00015,1564.0,534.34949,2.92692,0.99944,1.0,1.0,0.99381
