geoid,countyfp,prc_nonengprof_final,prc_nonengprof_final_unreliable_flag,prc_caraccess_final,prc_caraccess_final_unreliable_flag,prcdisabled_final,prcdisabled_final_unreliable_flag,prc_pov_final,prc_pov_final_unreliable_flag,prc_youth_final,prc_youth_final_unreliable_flag,prc_asian,prc_asian_unreliable_flag,prc_black,prc_black_unreliable_flag,prc_latino,prc_latino_unreliable_flag,prc_white,prc_white_unreliable_flag,cvapdens,cvapdens_unreliable_flag,tot_elignonreg_prc_final,tot_elignonreg_prc_final_unreliable_flag,job_dens,pollvoter_dens,pop10,areakm,popdens,vbm_rate_tot,vbm_rate_lat,vbm_rate_asn,vbm_rate_youth
6043000101,43,0.02775,1,0.9604,0,0.28076,0,0.20666,0,0.03837,0,0.02807,1,0.05048,0,0.10688,0,0.76848,0,0.20915,0,0.24521,0,0.59616,0.09252,3929,463.46451,8.47746,0.9954,0.98129,1.0,0.99887
6043000102,43,0.01643,1,0.96426,0,0.14758,0,0.17549,0,0.03649,0,0.00427,1,0.0,1,0.06755,0,0.90334,0,0.14569,0,0.02741,0,0.02999,0.068,2719,808.01405,3.36504,0.99625,0.99505,1.0,0.98393
6043000200,43,0.01859,1,0.96858,0,0.21316,0,0.11656,0,0.05215,0,0.0042,1,0.0056,1,0.18551,0,0.73784,0,0.17476,0,0.08847,0,0.03519,0.04255,3352,759.60607,4.41281,0.99783,1.0,0.96957,1.0
6043000301,43,0.02181,1,0.94277,0,0.1235,0,0.18527,0,0.0594,0,0.00451,1,0.0,1,0.08645,0,0.83347,0,0.21234,0,0.12097,0,0.09076,0.51659,3743,206.50348,18.1256,0.97863,0.95905,1.0,0.96479
6043000302,43,0.01448,1,0.98377,0,0.13151,0,0.06765,0,0.06803,0,0.00456,1,0.0,1,0.05587,1,0.82782,0,0.14995,0,0.0,1,0.09716,0.26933,2706,525.85788,5.14588,0.98712,0.97468,1.0,0.95851
6043000400,43,0.04554,1,0.81818,0,0.09084,0,0.11281,0,0.08989,0,0.02879,1,0.02409,1,0.21798,0,0.70212,0,0.10812,0,0.58935,0,0.15074,0.011,1802,1025.24301,1.75763,0.99801,1.0,1.0,1.0
