geoid,countyfp,prc_nonengprof_final,prc_nonengprof_final_unreliable_flag,prc_caraccess_final,prc_caraccess_final_unreliable_flag,prcdisabled_final,prcdisabled_final_unreliable_flag,prc_pov_final,prc_pov_final_unreliable_flag,prc_youth_final,prc_youth_final_unreliable_flag,prc_asian,prc_asian_unreliable_flag,prc_black,prc_black_unreliable_flag,prc_latino,prc_latino_unreliable_flag,prc_white,prc_white_unreliable_flag,cvapdens,cvapdens_unreliable_flag,tot_elignonreg_prc_final,tot_elignonreg_prc_final_unreliable_flag,job_dens,pollvoter_dens,pop10,areakm,popdens,vbm_rate_tot,vbm_rate_asn,vbm_rate_lat,vbm_rate_youth
6043000101,43,0.03269,1,0.94083,0,0.21358,0,0.11247,0,0.03276,0,0.02329,1,0.03379,1,0.11595,0,0.74251,0,0.21536,0,0.10487,0,0.6678,0.26169,3929,463.46451,8.47746,0.69678,0.67402,0.69901,0.6957
6043000102,43,0.01718,1,0.98433,0,0.10643,0,0.20285,0,0.05909,0,0.00337,1,0.0,1,0.07479,0,0.89903,0,0.15143,0,0.43734,0,0.04116,0.12334,2719,808.01405,3.36504,0.68623,0.80251,0.64532,0.67809
6043000200,43,0.01996,1,0.98472,0,0.19353,0,0.10966,0,0.05518,0,0.00354,1,0.00141,1,0.18783,0,0.76123,0,0.16964,0,0.22638,0,0.04552,0.16232,3352,759.60607,4.41281,0.73784,0.79816,0.75153,0.83272
6043000301,43,0.01633,1,0.97967,0,0.14853,0,0.16629,0,0.06456,0,0.00419,1,0.0,1,0.07183,0,0.84908,0,0.20786,0,0.13049,0,0.11816,0.25769,3743,206.50348,18.1256,0.69127,0.83279,0.63255,0.64957
6043000302,43,0.02634,1,0.98214,0,0.15091,0,0.11808,0,0.06027,0,0.00282,1,0.0,1,0.06098,1,0.84455,0,0.15357,0,0.28309,0,0.09637,0.11724,2706,525.85788,5.14588,0.77048,0.90802,0.79589,0.7802
6043000400,43,0.07285,1,0.89688,0,0.10563,0,0.13861,0,0.10017,0,0.06407,1,0.01747,1,0.17181,0,0.7187,0,0.10214,0,0.4115,0,0.03099,0.07773,1802,1025.24301,1.75763,0.70646,0.6716,0.68316,0.73755
