geoid,countyfp,prc_nonengprof_final,prc_nonengprof_final_unreliable_flag,prc_caraccess_final,prc_caraccess_final_unreliable_flag,prcdisabled_final,prcdisabled_final_unreliable_flag,prc_pov_final,prc_pov_final_unreliable_flag,prc_youth_final,prc_youth_final_unreliable_flag,prc_asian,prc_asian_unreliable_flag,prc_black,prc_black_unreliable_flag,prc_latino,prc_latino_unreliable_flag,prc_white,prc_white_unreliable_flag,cvapdens,cvapdens_unreliable_flag,tot_elignonreg_prc_final,tot_elignonreg_prc_final_unreliable_flag,job_dens,pollvoter_dens,pop10,areakm,popdens,vbm_rate_tot,vbm_rate_asn,vbm_rate_lat,vbm_rate_youth
6035040100,35,0.02626,1.0,0.95983,0.0,0.14091,0.0,0.12411,0.0,0.03129,1.0,0.0,1.0,0.02463,1.0,0.06724,0.0,0.90013,0.0,0.04892,0.0,0.13842,0,0.02286,,1822.0,7604.67196,0.23959,1.0,1.0,1.0,1.0
6035040200,35,0.04846,1.0,0.9525,0.0,0.20553,0.0,0.10554,0.0,0.0654,0.0,0.0,1.0,0.00897,1.0,0.05493,1.0,0.88976,0.0,0.08431,0.0,0.25973,0,0.01658,,2534.0,1975.97983,1.2824,1.0,1.0,1.0,1.0
6035040302,35,0.00871,1.0,0.95624,0.0,0.13082,0.0,0.05401,0.0,0.06783,0.0,0.00754,1.0,0.00195,1.0,0.08096,0.0,0.86968,0.0,0.11971,0.0,0.13775,0,0.08292,,4422.0,234.97358,18.81914,1.0,1.0,1.0,1.0
6035040303,35,0.04144,1.0,0.82667,0.0,0.15409,0.0,0.2309,0.0,0.11707,0.0,0.01458,0.0,0.00828,1.0,0.13323,0.0,0.80055,0.0,0.07437,0.0,0.28054,0,0.16898,,3616.0,128.63924,28.10962,1.0,1.0,1.0,1.0
6035040304,35,0.00844,1.0,0.86425,0.0,0.15732,0.0,0.33712,0.0,0.10681,0.0,0.01936,1.0,0.04473,0.0,0.06342,1.0,0.79105,0.0,0.04573,0.0,0.3142,0,0.23599,,1939.0,3.64309,532.24122,1.0,1.0,1.0,1.0
6035040305,35,0.01248,1.0,0.94272,0.0,0.09165,0.0,0.14318,0.0,0.10273,0.0,0.01235,1.0,0.00228,1.0,0.07672,0.0,0.72919,0.0,0.08272,0.0,0.04199,0,0.13133,,4146.0,172.10091,24.09052,1.0,1.0,1.0,1.0
6035040400,35,0.12055,0.0,0.98704,0.0,0.12477,0.0,0.21699,0.0,0.23319,0.0,0.02374,0.0,0.23426,0.0,0.41505,0.0,0.29809,0.0,0.34102,0.0,0.13045,0,0.31981,,9422.0,396.07398,23.78848,1.0,1.0,1.0,1.0
6035040500,35,0.01119,1.0,0.98092,0.0,0.13878,0.0,0.07319,0.0,0.04203,0.0,0.01218,1.0,0.00061,1.0,0.03381,1.0,0.91136,0.0,0.1026,0.0,0.23964,0,0.01322,,3213.0,154.99057,20.73029,1.0,1.0,1.0,1.0
6035040600,35,0.12488,0.0,0.99164,0.0,0.18386,0.0,0.17188,0.0,0.0877,0.0,0.01239,1.0,0.1074,0.0,0.1878,0.0,0.62885,0.0,0.10062,0.0,0.42197,0,0.00829,,3781.0,1553.96962,2.43312,1.0,1.0,1.0,1.0
