geoid,countyfp,prc_nonengprof_final,prc_nonengprof_final_unreliable_flag,prc_caraccess_final,prc_caraccess_final_unreliable_flag,prcdisabled_final,prcdisabled_final_unreliable_flag,prc_pov_final,prc_pov_final_unreliable_flag,prc_youth_final,prc_youth_final_unreliable_flag,prc_asian,prc_asian_unreliable_flag,prc_black,prc_black_unreliable_flag,prc_latino,prc_latino_unreliable_flag,prc_white,prc_white_unreliable_flag,cvapdens,cvapdens_unreliable_flag,tot_elignonreg_prc_final,tot_elignonreg_prc_final_unreliable_flag,job_dens,pollvoter_dens,pop10,areakm,popdens,vbm_rate_tot,vbm_rate_lat,vbm_rate_asn,vbm_rate_youth
6035040100,35,0.01405,1,0.94903,0,0.15119,0,0.13704,0,0.03875,1,0.01522,1,0.01384,1,0.07266,0,0.88097,0,0.04807,0,0.0,1,0.02371,0.99949,1822,7604.67196,0.23959,1.0,1.0,1.0,1.0
6035040200,35,0.03527,1,0.93473,0,0.24656,0,0.12072,0,0.0804,0,0.0,1,0.02551,1,0.04909,1,0.87785,0,0.08815,0,0.22831,0,0.01566,0.00051,2534,1975.97983,1.2824,1.0,1.0,1.0,1.0
6035040302,35,0.0173,0,0.94778,0,0.15631,0,0.06067,0,0.05523,0,0.00666,1,0.0,1,0.08284,0,0.88067,0,0.11907,0,0.16368,0,0.08479,0.0,4422,234.97358,18.81914,1.0,1.0,1.0,1.0
6035040303,35,0.05218,0,0.85278,0,0.18437,0,0.23066,0,0.12875,0,0.02167,0,0.01083,1,0.14417,0,0.76792,0,0.0716,0,0.0,1,0.14004,0.0,3616,128.63924,28.10962,1.0,1.0,1.0,1.0
6035040304,35,0.03142,1,0.89602,0,0.14466,0,0.28135,0,0.12188,0,0.02,1,0.04938,1,0.03938,0,0.75062,0,0.04547,0,0.02831,0,0.24474,0.0,1939,3.64309,532.24122,1.0,1.0,1.0,1.0
6035040305,35,0.02356,1,0.94899,0,0.13175,0,0.13244,0,0.07931,0,0.01699,1,0.03432,1,0.05698,1,0.72576,0,0.08197,0,0.01364,0,0.12438,0.0,4146,172.10091,24.09052,1.0,1.0,1.0,1.0
6035040400,35,0.12572,0,1.0,0,0.11367,1,0.20693,0,0.21261,0,0.0195,0,0.21121,0,0.43147,0,0.31239,0,0.34124,0,0.0,1,0.32886,0.0,9422,396.07398,23.78848,1.0,1.0,1.0,1.0
6035040500,35,0.01573,1,0.99323,0,0.09788,0,0.05401,0,0.04475,0,0.01142,1,0.00062,1,0.03611,1,0.88519,0,0.10172,0,0.12813,0,0.01365,0.0,3213,154.99057,20.73029,1.0,1.0,1.0,1.0
6035040600,35,0.11645,0,0.99001,0,0.19324,0,0.17667,0,0.07884,0,0.00779,1,0.11094,0,0.17918,0,0.64163,0,0.10271,0,0.32267,0,0.02416,0.0,3781,1553.96962,2.43312,1.0,1.0,1.0,1.0
