geoid,countyfp,prc_nonengprof_final,prc_nonengprof_final_unreliable_flag,prc_caraccess_final,prc_caraccess_final_unreliable_flag,prcdisabled_final,prcdisabled_final_unreliable_flag,prc_pov_final,prc_pov_final_unreliable_flag,prc_youth_final,prc_youth_final_unreliable_flag,prc_asian,prc_asian_unreliable_flag,prc_black,prc_black_unreliable_flag,prc_latino,prc_latino_unreliable_flag,prc_white,prc_white_unreliable_flag,cvapdens,cvapdens_unreliable_flag,tot_elignonreg_prc_final,tot_elignonreg_prc_final_unreliable_flag,job_dens,pollvoter_dens,pop10,areakm,popdens,vbm_rate_tot,vbm_rate_lat,vbm_rate_asn,vbm_rate_youth
6015000101,15,0.06754,0,0.85101,0,0.20634,0,0.36255,0,0.10656,0,0.06267,0,0.02195,1,0.11948,0,0.67398,0,0.15063,0,0.41425,0,0.25433,0.0933,3939,7.15037,550.88037,0.8559,0.86439,0.87256,0.82294
6015000102,15,0.05,1,0.88822,0,0.21756,0,0.29574,0,0.07359,0,0.05482,1,0.01999,1,0.17474,0,0.55118,0,0.11419,0,0.66557,0,0.16802,0.04821,3769,24.09762,156.40551,0.84705,0.83809,0.83417,0.82728
6015000104,15,0.10225,0,0.85941,0,0.14663,0,0.1648,0,0.09555,0,0.03789,1,0.0,1,0.40486,0,0.486,0,0.06948,0,0.44272,0,0.12287,0.03749,1881,2.0307,926.28365,0.86084,0.88638,0.96169,0.83288
6015000105,15,0.01817,1,0.95881,0,0.18472,0,0.08903,0,0.04304,0,0.02919,1,0.0137,1,0.12213,0,0.77614,0,0.23324,0,0.13389,0,0.14688,0.26081,6967,79.92574,87.16842,0.84109,0.83495,0.8917,0.83784
6015000201,15,0.01601,0,0.97075,0,0.15802,0,0.13698,0,0.06303,0,0.00884,0,0.07597,0,0.31434,0,0.48428,0,0.24951,0,0.46687,0,0.21125,0.11709,7026,116.68855,60.21156,0.85248,0.81804,0.93243,0.85758
6015000202,15,0.03234,1,0.91417,0,0.19222,0,0.16779,0,0.06878,0,0.02283,1,0.04706,1,0.12309,0,0.6831,0,0.1346,0,0.0,1,0.06819,0.22314,3655,2096.4432,1.74343,0.8201,0.78284,0.77775,0.79078
6015000203,15,0.00503,1,0.9207,0,0.25574,0,0.25829,0,0.07834,0,0.0,1,0.01439,1,0.15747,0,0.51319,0,0.04835,0,0.0981,0,0.02845,0.06385,1373,403.81409,3.40008,0.80101,0.74602,0.83543,0.7141
