geoid,countyfp,prc_nonengprof_final,prc_nonengprof_final_unreliable_flag,prc_caraccess_final,prc_caraccess_final_unreliable_flag,prcdisabled_final,prcdisabled_final_unreliable_flag,prc_pov_final,prc_pov_final_unreliable_flag,prc_youth_final,prc_youth_final_unreliable_flag,prc_asian,prc_asian_unreliable_flag,prc_black,prc_black_unreliable_flag,prc_latino,prc_latino_unreliable_flag,prc_white,prc_white_unreliable_flag,cvapdens,cvapdens_unreliable_flag,tot_elignonreg_prc_final,tot_elignonreg_prc_final_unreliable_flag,job_dens,pollvoter_dens,pop10,areakm,popdens,vbm_rate_tot,vbm_rate_asn,vbm_rate_lat,vbm_rate_youth
6015000101,15,0.06406,0.0,0.80069,0.0,0.33941,0.0,0.38949,0.0,0.10805,0.0,0.05428,0.0,0.02323,1.0,0.1285,0.0,0.66524,0.0,0.14556,0.0,0.37837,0,0.2558,0.10876,3939.0,7.15037,550.88037,0.64448,0.49701,0.51094,0.57799
6015000102,15,0.04321,1.0,0.89135,0.0,0.238,0.0,0.35995,0.0,0.08075,0.0,0.05295,1.0,0.03833,1.0,0.13107,0.0,0.58104,0.0,0.11912,0.0,0.09554,0,0.16499,0.15475,3769.0,24.09762,156.40551,0.63585,0.55927,0.6401,0.53533
6015000104,15,0.08499,0.0,0.85153,0.0,0.14286,0.0,0.29819,0.0,0.1144,0.0,0.03856,1.0,0.0,1.0,0.3042,0.0,0.56898,0.0,0.06817,0.0,0.00426,0,0.12897,0.10203,1881.0,2.0307,926.28364,0.64146,0.66016,0.63364,0.7131
6015000105,15,0.02695,1.0,0.95385,0.0,0.17094,0.0,0.09306,0.0,0.04284,0.0,0.03565,0.0,0.01753,1.0,0.09527,0.0,0.79599,0.0,0.23751,0.0,0.34784,0,0.14657,0.21547,6967.0,79.92574,87.16842,0.62191,0.56362,0.55429,0.59851
6015000201,15,0.03403,0.0,0.97945,0.0,0.14202,0.0,0.15451,0.0,0.05989,0.0,0.02034,0.0,0.06542,0.0,0.33002,0.0,0.46753,0.0,0.25036,0.0,0.33206,0,0.20908,0.20293,7026.0,116.68855,60.21156,0.62049,0.63005,0.45984,0.5728
6015000202,15,0.04526,0.0,0.90772,0.0,0.16967,0.0,0.15254,0.0,0.08756,0.0,0.024,1.0,0.00109,1.0,0.22177,0.0,0.64757,0.0,0.13319,0.0,0.45879,0,0.07468,0.12615,3655.0,2096.4432,1.74343,0.63158,0.70704,0.47547,0.71002
6015000203,15,0.00686,1.0,0.90824,0.0,0.27432,0.0,0.33303,0.0,0.07108,0.0,0.0,1.0,0.0098,1.0,0.16013,0.0,0.54085,0.0,0.04609,0.0,0.52477,0,0.0199,0.03193,1373.0,403.81409,3.40008,0.58056,0.0,0.9,0.58333
6015990000,15,,1.0,,1.0,,1.0,,1.0,,1.0,,1.0,,1.0,,1.0,,1.0,0.0,1.0,0.0,1,,0.05797,0.0,454.88168,0.0,0.61874,0.61352,0.60602,0.63655
